BOS24100000000,
BOS24100000001,
BOS24100000002,
BOS24100000003,
BOS24100000004,
BOS24100000005,
BOS24100000006,
BOS24100000007,
BOS24100000008,
BOS24100000009,
BOS24100000010,
BOS24100000011,
BOS24100000012,
BOS24100000013,
BOS24100000014,
BOS24100000015,
BOS24100000016,
BOS24100000017,
BOS24100000018,
BOS24100000019,
BOS24100000020,
BOS24100000021,
BOS24100000022,
BOS24100000023,
BOS24100000024,
BOS24100000025,
BOS24100000026,
BOS24100000027,
BOS24100000028,
BOS24100000029,
BOS24100000030,
BOS24100000031,
BOS24100000032,
BOS24100000033,
BOS24100000034,
BOS24100000035,
BOS24100000036,
BOS24100000037,
BOS24100000038,
BOS24100000039,
BOS24100000040,
BOS24100000041,
BOS24100000042,
BOS24100000043,
BOS24100000044,
BOS24100000045,
BOS24100000046,
BOS24100000047,
BOS24100000048,
BOS24100000049,
BOS24100000050,
BOS24100000051,
BOS24100000052,
BOS24100000053,
BOS24100000054,
BOS24100000055,
BOS24100000056,
BOS24100000057,
BOS24100000058,
BOS24100000059,
BOS24100000060,
BOS24100000061,
BOS24100000062,
BOS24100000063,
BOS24100000064,
BOS24100000065,
BOS24100000066,
BOS24100000067,
BOS24100000068,
BOS24100000069,
BOS24100000070,
BOS24100000071,
BOS24100000072,
BOS24100000073,
BOS24100000074,
BOS24100000075,
BOS24100000076,
BOS24100000077,
BOS24100000078,
BOS24100000079,
BOS24100000080,
BOS24100000081,
BOS24100000082,
BOS24100000083,
BOS24100000084,
BOS24100000085,
BOS24100000086,
BOS24100000087,
BOS24100000088,
BOS24100000089,
BOS24100000090,
BOS24100000091,
BOS24100000092,
BOS24100000093,
BOS24100000094,
BOS24100000095,
BOS24100000096,
BOS24100000097,
BOS24100000098,
BOS24100000099,
BOS24100000100,
BOS24100000101,
BOS24100000102,
BOS24100000103,
BOS24100000104,
BOS24100000105,
BOS24100000106,
BOS24100000107,
BOS24100000108,
BOS24100000109,
BOS24100000110,
BOS24100000111,
BOS24100000112,
BOS24100000113,
BOS24100000114,
BOS24100000115,
BOS24100000116,
BOS24100000117,
BOS24100000118,
BOS24100000119,
BOS24100000120,
BOS24100000121,
BOS24100000122,
BOS24100000123,
BOS24100000124,
BOS24100000125,
BOS24100000126,
BOS24100000127,
BOS24100000128,
BOS24100000129,
BOS24100000130,
BOS24100000131,
BOS24100000132,
BOS24100000133,
BOS24100000134,
BOS24100000135,
BOS24100000136,
BOS24100000137,
BOS24100000138,
BOS24100000139,
BOS24100000140,
BOS24100000141,
BOS24100000142,
BOS24100000143,
BOS24100000144,
BOS24100000145,
BOS24100000146,
BOS24100000147,
BOS24100000148,
BOS24100000149,
BOS24100000150,
BOS24100000151,
BOS24100000152,
BOS24100000153,
BOS24100000154,
BOS24100000155,
BOS24100000156,
BOS24100000157,
BOS24100000158,
BOS24100000159,
BOS24100000160,
BOS24100000161,
BOS24100000162,
BOS24100000163,
BOS24100000164,
BOS24100000165,
BOS24100000166,
BOS24100000167,
BOS24100000168,
BOS24100000169,
BOS24100000170,
BOS24100000171,
BOS24100000172,
BOS24100000173,
BOS24100000174,
BOS24100000175,
BOS24100000176,
BOS24100000177,
BOS24100000178,
BOS24100000179,
BOS24100000180,
BOS24100000181,
BOS24100000182,
BOS24100000183,
BOS24100000184,
BOS24100000185,
BOS24100000186,
BOS24100000187,
BOS24100000188,
BOS24100000189,
BOS24100000190,
BOS24100000191,
BOS24100000192,
BOS24100000193,
BOS24100000194,
BOS24100000195,
BOS24100000196,
BOS24100000197,
BOS24100000198,
BOS24100000199,
BOS24100000200,
BOS24100000201,
BOS24100000202,
BOS24100000203,
BOS24100000204,
BOS24100000205,
BOS24100000206,
BOS24100000207,
BOS24100000208,
BOS24100000209,
BOS24100000210,
BOS24100000211,
BOS24100000212,
BOS24100000213,
BOS24100000214,
BOS24100000215,
BOS24100000216,
BOS24100000217,
BOS24100000218,
BOS24100000219,
BOS24100000220,
BOS24100000221,
BOS24100000222,
BOS24100000223,
BOS24100000224,
BOS24100000225,
BOS24100000226,
BOS24100000227,
BOS24100000228,
BOS24100000229,
BOS24100000230,
BOS24100000231,
BOS24100000232,
BOS24100000233,
BOS24100000234,
BOS24100000235,
BOS24100000236,
BOS24100000237,
BOS24100000238,
BOS24100000239,
BOS24100000240,
BOS24100000241,
BOS24100000242,
BOS24100000243,
BOS24100000244,
BOS24100000245,
BOS24100000246,
BOS24100000247,
BOS24100000248,
BOS24100000249,
BOS24100000250,
BOS24100000251,
BOS24100000252,
BOS24100000253,
BOS24100000254,
BOS24100000255,
BOS24100000256,
BOS24100000257,
BOS24100000258,
BOS24100000259,
BOS24100000260,
BOS24100000261,
BOS24100000262,
BOS24100000263,
BOS24100000264,
BOS24100000265,
BOS24100000266,
BOS24100000267,
BOS24100000268,
BOS24100000269,
BOS24100000270,
BOS24100000271,
BOS24100000272,
BOS24100000273,
BOS24100000274,
BOS24100000275,
BOS24100000276,
BOS24100000277,
BOS24100000278,
BOS24100000279,
BOS24100000280,
BOS24100000281,
BOS24100000282,
BOS24100000283,
BOS24100000284,
BOS24100000285,
BOS24100000286,
BOS24100000287,
BOS24100000288,
BOS24100000289,
BOS24100000290,
BOS24100000291,
BOS24100000292,
BOS24100000293,
BOS24100000294,
BOS24100000295,
BOS24100000296,
BOS24100000297,
BOS24100000298,
BOS24100000299,
BOS24100000300,
BOS24100000301,
BOS24100000302,
BOS24100000303,
BOS24100000304,
BOS24100000305,
BOS24100000306,
BOS24100000307,
BOS24100000308,
BOS24100000309,
BOS24100000310,
BOS24100000311,
BOS24100000312,
BOS24100000313,
BOS24100000314,
BOS24100000315,
BOS24100000316,
BOS24100000317,
BOS24100000318,
BOS24100000319,
BOS24100000320,
BOS24100000321,
BOS24100000322,
BOS24100000323,
BOS24100000324,
BOS24100000325,
BOS24100000326,
BOS24100000327,
BOS24100000328,
BOS24100000329,
BOS24100000330,
BOS24100000331,
BOS24100000332,
BOS24100000333,
BOS24100000334,
BOS24100000335,
BOS24100000336,
BOS24100000337,
BOS24100000338,
BOS24100000339,
BOS24100000340,
BOS24100000341,
BOS24100000342,
BOS24100000343,
BOS24100000344,
BOS24100000345,
BOS24100000346,
BOS24100000347,
BOS24100000348,
BOS24100000349,
BOS24100000350,
BOS24100000351,
BOS24100000352,
BOS24100000353,
BOS24100000354,
BOS24100000355,
BOS24100000356,
BOS24100000357,
BOS24100000358,
BOS24100000359,
BOS24100000360,
BOS24100000361,
BOS24100000362,
BOS24100000363,
BOS24100000364,
BOS24100000365,
BOS24100000366,
BOS24100000367,
BOS24100000368,
BOS24100000369,
BOS24100000370,
BOS24100000371,
BOS24100000372,
BOS24100000373,
BOS24100000374,
BOS24100000375,
BOS24100000376,
BOS24100000377,
BOS24100000378,
BOS24100000379,
BOS24100000380,
BOS24100000381,
BOS24100000382,
BOS24100000383,
BOS24100000384,
BOS24100000385,
BOS24100000386,
BOS24100000387,
BOS24100000388,
BOS24100000389,
BOS24100000390,
BOS24100000391,
BOS24100000392,
BOS24100000393,
BOS24100000394,
BOS24100000395,
BOS24100000396,
BOS24100000397,
BOS24100000398,
BOS24100000399,
BOS24100000400,
BOS24100000401,
BOS24100000402,
BOS24100000403,
BOS24100000404,
BOS24100000405,
BOS24100000406,
BOS24100000407,
BOS24100000408,
BOS24100000409,
BOS24100000410,
BOS24100000411,
BOS24100000412,
BOS24100000413,
BOS24100000414,
BOS24100000415,
BOS24100000416,
BOS24100000417,
BOS24100000418,
BOS24100000419,
BOS24100000420,
BOS24100000421,
BOS24100000422,
BOS24100000423,
BOS24100000424,
BOS24100000425,
BOS24100000426,
BOS24100000427,
BOS24100000428,
BOS24100000429,
BOS24100000430,
BOS24100000431,
BOS24100000432,
BOS24100000433,
BOS24100000434,
BOS24100000435,
BOS24100000436,
BOS24100000437,
BOS24100000438,
BOS24100000439,
BOS24100000440,
BOS24100000441,
BOS24100000442,
BOS24100000443,
BOS24100000444,
BOS24100000445,
BOS24100000446,
BOS24100000447,
BOS24100000448,
BOS24100000449,
BOS24100000450,
BOS24100000451,
BOS24100000452,
BOS24100000453,
BOS24100000454,
BOS24100000455,
BOS24100000456,
BOS24100000457,
BOS24100000458,
BOS24100000459,
BOS24100000460,
BOS24100000461,
BOS24100000462,
BOS24100000463,
BOS24100000464,
BOS24100000465,
BOS24100000466,
BOS24100000467,
BOS24100000468,
BOS24100000469,
BOS24100000470,
BOS24100000471,
BOS24100000472,
BOS24100000473,
BOS24100000474,
BOS24100000475,
BOS24100000476,
BOS24100000477,
BOS24100000478,
BOS24100000479,
BOS24100000480,
BOS24100000481,
BOS24100000482,
BOS24100000483,
BOS24100000484,
BOS24100000485,
BOS24100000486,
BOS24100000487,
BOS24100000488,
BOS24100000489,
BOS24100000490,
BOS24100000491,
BOS24100000492,
BOS24100000493,
BOS24100000494,
BOS24100000495,
BOS24100000496,
BOS24100000497,
BOS24100000498,
BOS24100000499,
BOS24100000500,
BOS24100000501,
BOS24100000502,
BOS24100000503,
BOS24100000504,
BOS24100000505,
BOS24100000506,
BOS24100000507,
BOS24100000508,
BOS24100000509,
BOS24100000510,
BOS24100000511,
BOS24100000512,
BOS24100000513,
BOS24100000514,
BOS24100000515,
BOS24100000516,
BOS24100000517,
BOS24100000518,
BOS24100000519,
BOS24100000520,
BOS24100000521,
BOS24100000522,
BOS24100000523,
BOS24100000524,
BOS24100000525,
BOS24100000526,
BOS24100000527,
BOS24100000528,
BOS24100000529,
BOS24100000530,
BOS24100000531,
BOS24100000532,
BOS24100000533,
BOS24100000534,
BOS24100000535,
BOS24100000536,
BOS24100000537,
BOS24100000538,
BOS24100000539,
BOS24100000540,
BOS24100000541,
BOS24100000542,
BOS24100000543,
BOS24100000544,
BOS24100000545,
BOS24100000546,
BOS24100000547,
BOS24100000548,
BOS24100000549,
BOS24100000550,
BOS24100000551,
BOS24100000552,
BOS24100000553,
BOS24100000554,
BOS24100000555,
BOS24100000556,
BOS24100000557,
BOS24100000558,
BOS24100000559,
BOS24100000560,
BOS24100000561,
BOS24100000562,
BOS24100000563,
BOS24100000564,
BOS24100000565,
BOS24100000566,
BOS24100000567,
BOS24100000568,
BOS24100000569,
BOS24100000570,
BOS24100000571,
BOS24100000572,
BOS24100000573,
BOS24100000574,
BOS24100000575,
BOS24100000576,
BOS24100000577,
BOS24100000578,
BOS24100000579,
BOS24100000580,
BOS24100000581,
BOS24100000582,
BOS24100000583,
BOS24100000584,
BOS24100000585,
BOS24100000586,
BOS24100000587,
BOS24100000588,
BOS24100000589,
BOS24100000590,
BOS24100000591,
BOS24100000592,
BOS24100000593,
BOS24100000594,
BOS24100000595,
BOS24100000596,
BOS24100000597,
BOS24100000598,
BOS24100000599,
BOS24100000600,
BOS24100000601,
BOS24100000602,
BOS24100000603,
BOS24100000604,
BOS24100000605,
BOS24100000606,
BOS24100000607,
BOS24100000608,
BOS24100000609,
BOS24100000610,
BOS24100000611,
BOS24100000612,
BOS24100000613,
BOS24100000614,
BOS24100000615,
BOS24100000616,
BOS24100000617,
BOS24100000618,
BOS24100000619,
BOS24100000620,
BOS24100000621,
BOS24100000622,
BOS24100000623,
BOS24100000624,
BOS24100000625,
BOS24100000626,
BOS24100000627,
BOS24100000628,
BOS24100000629,
BOS24100000630,
BOS24100000631,
BOS24100000632,
BOS24100000633,
BOS24100000634,
BOS24100000635,
BOS24100000636,
BOS24100000637,
BOS24100000638,
BOS24100000639,
BOS24100000640,
BOS24100000641,
BOS24100000642,
BOS24100000643,
BOS24100000644,
BOS24100000645,
BOS24100000646,
BOS24100000647,
BOS24100000648,
BOS24100000649,
BOS24100000650,
BOS24100000651,
BOS24100000652,
BOS24100000653,
BOS24100000654,
BOS24100000655,
BOS24100000656,
BOS24100000657,
BOS24100000658,
BOS24100000659,
BOS24100000660,
BOS24100000661,
BOS24100000662,
BOS24100000663,
BOS24100000664,
BOS24100000665,
BOS24100000666,
BOS24100000667,
BOS24100000668,
BOS24100000669,
BOS24100000670,
BOS24100000671,
BOS24100000672,
BOS24100000673,
BOS24100000674,
BOS24100000675,
BOS24100000676,
BOS24100000677,
BOS24100000678,
BOS24100000679,
BOS24100000680,
BOS24100000681,
BOS24100000682,
BOS24100000683,
BOS24100000684,
BOS24100000685,
BOS24100000686,
BOS24100000687,
BOS24100000688,
BOS24100000689,
BOS24100000690,
BOS24100000691,
BOS24100000692,
BOS24100000693,
BOS24100000694,
BOS24100000695,
BOS24100000696,
BOS24100000697,
BOS24100000698,
BOS24100000699,
BOS24100000700,
BOS24100000701,
BOS24100000702,
BOS24100000703,
BOS24100000704,
BOS24100000705,
BOS24100000706,
BOS24100000707,
BOS24100000708,
BOS24100000709,
BOS24100000710,
BOS24100000711,
BOS24100000712,
BOS24100000713,
BOS24100000714,
BOS24100000715,
BOS24100000716,
BOS24100000717,
BOS24100000718,
BOS24100000719,
BOS24100000720,
BOS24100000721,
BOS24100000722,
BOS24100000723,
BOS24100000724,
BOS24100000725,
BOS24100000726,
BOS24100000727,
BOS24100000728,
BOS24100000729,
BOS24100000730,
BOS24100000731,
BOS24100000732,
BOS24100000733,
BOS24100000734,
BOS24100000735,
BOS24100000736,
BOS24100000737,
BOS24100000738,
BOS24100000739,
BOS24100000740,
BOS24100000741,
BOS24100000742,
BOS24100000743,
BOS24100000744,
BOS24100000745,
BOS24100000746,
BOS24100000747,
BOS24100000748,
BOS24100000749,
BOS24100000750,
BOS24100000751,
BOS24100000752,
BOS24100000753,
BOS24100000754,
BOS24100000755,
BOS24100000756,
BOS24100000757,
BOS24100000758,
BOS24100000759,
BOS24100000760,
BOS24100000761,
BOS24100000762,
BOS24100000763,
BOS24100000764,
BOS24100000765,
BOS24100000766,
BOS24100000767,
BOS24100000768,
BOS24100000769,
BOS24100000770,
BOS24100000771,
BOS24100000772,
BOS24100000773,
BOS24100000774,
BOS24100000775,
BOS24100000776,
BOS24100000777,
BOS24100000778,
BOS24100000779,
BOS24100000780,
BOS24100000781,
BOS24100000782,
BOS24100000783,
BOS24100000784,
BOS24100000785,
BOS24100000786,
BOS24100000787,
BOS24100000788,
BOS24100000789,
BOS24100000790,
BOS24100000791,
BOS24100000792,
BOS24100000793,
BOS24100000794,
BOS24100000795,
BOS24100000796,
BOS24100000797,
BOS24100000798,
BOS24100000799,
BOS24100000800,
BOS24100000801,
BOS24100000802,
BOS24100000803,
BOS24100000804,
BOS24100000805,
BOS24100000806,
BOS24100000807,
BOS24100000808,
BOS24100000809,
BOS24100000810,
BOS24100000811,
BOS24100000812,
BOS24100000813,
BOS24100000814,
BOS24100000815,
BOS24100000816,
BOS24100000817,
BOS24100000818,
BOS24100000819,
BOS24100000820,
BOS24100000821,
BOS24100000822,
BOS24100000823,
BOS24100000824,
BOS24100000825,
BOS24100000826,
BOS24100000827,
BOS24100000828,
BOS24100000829,
BOS24100000830,
BOS24100000831,
BOS24100000832,
BOS24100000833,
BOS24100000834,
BOS24100000835,
BOS24100000836,
BOS24100000837,
BOS24100000838,
BOS24100000839,
BOS24100000840,
BOS24100000841,
BOS24100000842,
BOS24100000843,
BOS24100000844,
BOS24100000845,
BOS24100000846,
BOS24100000847,
BOS24100000848,
BOS24100000849,
BOS24100000850,
BOS24100000851,
BOS24100000852,
BOS24100000853,
BOS24100000854,
BOS24100000855,
BOS24100000856,
BOS24100000857,
BOS24100000858,
BOS24100000859,
BOS24100000860,
BOS24100000861,
BOS24100000862,
BOS24100000863,
BOS24100000864,
BOS24100000865,
BOS24100000866,
BOS24100000867,
BOS24100000868,
BOS24100000869,
BOS24100000870,
BOS24100000871,
BOS24100000872,
BOS24100000873,
BOS24100000874,
BOS24100000875,
BOS24100000876,
BOS24100000877,
BOS24100000878,
BOS24100000879,
BOS24100000880,
BOS24100000881,
BOS24100000882,
BOS24100000883,
BOS24100000884,
BOS24100000885,
BOS24100000886,
BOS24100000887,
BOS24100000888,
BOS24100000889,
BOS24100000890,
BOS24100000891,
BOS24100000892,
BOS24100000893,
BOS24100000894,
BOS24100000895,
BOS24100000896,
BOS24100000897,
BOS24100000898,
BOS24100000899,
BOS24100000900,
BOS24100000901,
BOS24100000902,
BOS24100000903,
BOS24100000904,
BOS24100000905,
BOS24100000906,
BOS24100000907,
BOS24100000908,
BOS24100000909,
BOS24100000910,
BOS24100000911,
BOS24100000912,
BOS24100000913,
BOS24100000914,
BOS24100000915,
BOS24100000916,
BOS24100000917,
BOS24100000918,
BOS24100000919,
BOS24100000920,
BOS24100000921,
BOS24100000922,
BOS24100000923,
BOS24100000924,
BOS24100000925,
BOS24100000926,
BOS24100000927,
BOS24100000928,
BOS24100000929,
BOS24100000930,
BOS24100000931,
BOS24100000932,
BOS24100000933,
BOS24100000934,
BOS24100000935,
BOS24100000936,
BOS24100000937,
BOS24100000938,
BOS24100000939,
BOS24100000940,
BOS24100000941,
BOS24100000942,
BOS24100000943,
BOS24100000944,
BOS24100000945,
BOS24100000946,
BOS24100000947,
BOS24100000948,
BOS24100000949,
BOS24100000950,
BOS24100000951,
BOS24100000952,
BOS24100000953,
BOS24100000954,
BOS24100000955,
BOS24100000956,
BOS24100000957,
BOS24100000958,
BOS24100000959,
BOS24100000960,
BOS24100000961,
BOS24100000962,
BOS24100000963,
BOS24100000964,
BOS24100000965,
BOS24100000966,
BOS24100000967,
BOS24100000968,
BOS24100000969,
BOS24100000970,
BOS24100000971,
BOS24100000972,
BOS24100000973,
BOS24100000974,
BOS24100000975,
BOS24100000976,
BOS24100000977,
BOS24100000978,
BOS24100000979,
BOS24100000980,
BOS24100000981,
BOS24100000982,
BOS24100000983,
BOS24100000984,
BOS24100000985,
BOS24100000986,
BOS24100000987,
BOS24100000988,
BOS24100000989,
BOS24100000990,
BOS24100000991,
BOS24100000992,
BOS24100000993,
BOS24100000994,
BOS24100000995,
BOS24100000996,
BOS24100000997,
BOS24100000998,
BOS24100000999,
BOS24100001000,
BOS24100001001,
BOS24100001002,
BOS24100001003,
BOS24100001004,
BOS24100001005,
BOS24100001006,
BOS24100001007,
BOS24100001008,
BOS24100001009,
BOS24100001010,
BOS24100001011,
BOS24100001012,
BOS24100001013,
BOS24100001014,
BOS24100001015,
BOS24100001016,
BOS24100001017,
BOS24100001018,
BOS24100001019,
BOS24100001020,
BOS24100001021,
BOS24100001022,
BOS24100001023,
BOS24100001024,
BOS24100001025,
BOS24100001026,
BOS24100001027,
BOS24100001028,
BOS24100001029,
BOS24100001030,
BOS24100001031,
BOS24100001032,
BOS24100001033,
BOS24100001034,
BOS24100001035,
BOS24100001036,
BOS24100001037,
BOS24100001038,
BOS24100001039,
BOS24100001040,
BOS24100001041,
BOS24100001042,
BOS24100001043,
BOS24100001044,
BOS24100001045,
BOS24100001046,
BOS24100001047,
BOS24100001048,
BOS24100001049,
BOS24100001050,
BOS24100001051,
BOS24100001052,
BOS24100001053,
BOS24100001054,
BOS24100001055,
BOS24100001056,
BOS24100001057,
BOS24100001058,
BOS24100001059,
BOS24100001060,
BOS24100001061,
BOS24100001062,
BOS24100001063,
BOS24100001064,
BOS24100001065,
BOS24100001066,
BOS24100001067,
BOS24100001068,
BOS24100001069,
BOS24100001070,
BOS24100001071,
BOS24100001072,
BOS24100001073,
BOS24100001074,
BOS24100001075,
BOS24100001076,
BOS24100001077,
BOS24100001078,
BOS24100001079,
BOS24100001080,
BOS24100001081,
BOS24100001082,
BOS24100001083,
BOS24100001084,
BOS24100001085,
BOS24100001086,
BOS24100001087,
BOS24100001088,
BOS24100001089,
BOS24100001090,
BOS24100001091,
BOS24100001092,
BOS24100001093,
BOS24100001094,
BOS24100001095,
BOS24100001096,
BOS24100001097,
BOS24100001098,
BOS24100001099,
BOS24100001100,
BOS24100001101,
BOS24100001102,
BOS24100001103,
BOS24100001104,
BOS24100001105,
BOS24100001106,
BOS24100001107,
BOS24100001108,
BOS24100001109,
BOS24100001110,
BOS24100001111,
BOS24100001112,
BOS24100001113,
BOS24100001114,
BOS24100001115,
BOS24100001116,
BOS24100001117,
BOS24100001118,
BOS24100001119,
BOS24100001120,
BOS24100001121,
BOS24100001122,
BOS24100001123,
BOS24100001124,
BOS24100001125,
BOS24100001126,
BOS24100001127,
BOS24100001128,
BOS24100001129,
BOS24100001130,
BOS24100001131,
BOS24100001132,
BOS24100001133,
BOS24100001134,
BOS24100001135,
BOS24100001136,
BOS24100001137,
BOS24100001138,
BOS24100001139,
BOS24100001140,
BOS24100001141,
BOS24100001142,
BOS24100001143,
BOS24100001144,
BOS24100001145,
BOS24100001146,
BOS24100001147,
BOS24100001148,
BOS24100001149,
BOS24100001150,
BOS24100001151,
BOS24100001152,
BOS24100001153,
BOS24100001154,
BOS24100001155,
BOS24100001156,
BOS24100001157,
BOS24100001158,
BOS24100001159,
BOS24100001160,
BOS24100001161,
BOS24100001162,
BOS24100001163,
BOS24100001164,
BOS24100001165,
BOS24100001166,
BOS24100001167,
BOS24100001168,
BOS24100001169,
BOS24100001170,
BOS24100001171,
BOS24100001172,
BOS24100001173,
BOS24100001174,
BOS24100001175,
BOS24100001176,
BOS24100001177,
BOS24100001178,
BOS24100001179,
BOS24100001180,
BOS24100001181,
BOS24100001182,
BOS24100001183,
BOS24100001184,
BOS24100001185,
BOS24100001186,
BOS24100001187,
BOS24100001188,
BOS24100001189,
BOS24100001190,
BOS24100001191,
BOS24100001192,
BOS24100001193,
BOS24100001194,
BOS24100001195,
BOS24100001196,
BOS24100001197,
BOS24100001198,
BOS24100001199,
BOS24100001200,
BOS24100001201,
BOS24100001202,
BOS24100001203,
BOS24100001204,
BOS24100001205,
BOS24100001206,
BOS24100001207,
BOS24100001208,
BOS24100001209,
BOS24100001210,
BOS24100001211,
BOS24100001212,
BOS24100001213,
BOS24100001214,
BOS24100001215,
BOS24100001216,
BOS24100001217,
BOS24100001218,
BOS24100001219,
BOS24100001220,
BOS24100001221,
BOS24100001222,
BOS24100001223,
BOS24100001224,
BOS24100001225,
BOS24100001226,
BOS24100001227,
BOS24100001228,
BOS24100001229,
BOS24100001230,
BOS24100001231,
BOS24100001232,
BOS24100001233,
BOS24100001234,
BOS24100001235,
BOS24100001236,
BOS24100001237,
BOS24100001238,
BOS24100001239,
BOS24100001240,
BOS24100001241,
BOS24100001242,
BOS24100001243,
BOS24100001244,
BOS24100001245,
BOS24100001246,
BOS24100001247,
BOS24100001248,
BOS24100001249,
BOS24100001250,
BOS24100001251,
BOS24100001252,
BOS24100001253,
BOS24100001254,
BOS24100001255,
BOS24100001256,
BOS24100001257,
BOS24100001258,
BOS24100001259,
BOS24100001260,
BOS24100001261,
BOS24100001262,
BOS24100001263,
BOS24100001264,
BOS24100001265,
BOS24100001266,
BOS24100001267,
BOS24100001268,
BOS24100001269,
BOS24100001270,
BOS24100001271,
BOS24100001272,
BOS24100001273,
BOS24100001274,
BOS24100001275,
BOS24100001276,
BOS24100001277,
BOS24100001278,
BOS24100001279,
BOS24100001280,
BOS24100001281,
BOS24100001282,
BOS24100001283,
BOS24100001284,
BOS24100001285,
BOS24100001286,
BOS24100001287,
BOS24100001288,
BOS24100001289,
BOS24100001290,
BOS24100001291,
BOS24100001292,
BOS24100001293,
BOS24100001294,
BOS24100001295,
BOS24100001296,
BOS24100001297,
BOS24100001298,
BOS24100001299,
BOS24100001300,
BOS24100001301,
BOS24100001302,
BOS24100001303,
BOS24100001304,
BOS24100001305,
BOS24100001306,
BOS24100001307,
BOS24100001308,
BOS24100001309,
BOS24100001310,
BOS24100001311,
BOS24100001312,
BOS24100001313,
BOS24100001314,
BOS24100001315,
BOS24100001316,
BOS24100001317,
BOS24100001318,
BOS24100001319,
BOS24100001320,
BOS24100001321,
BOS24100001322,
BOS24100001323,
BOS24100001324,
BOS24100001325,
BOS24100001326,
BOS24100001327,
BOS24100001328,
BOS24100001329,
BOS24100001330,
BOS24100001331,
BOS24100001332,
BOS24100001333,
BOS24100001334,
BOS24100001335,
BOS24100001336,
BOS24100001337,
BOS24100001338,
BOS24100001339,
BOS24100001340,
BOS24100001341,
BOS24100001342,
BOS24100001343,
BOS24100001344,
BOS24100001345,
BOS24100001346,
BOS24100001347,
BOS24100001348,
BOS24100001349,
BOS24100001350,
BOS24100001351,
BOS24100001352,
BOS24100001353,
BOS24100001354,
BOS24100001355,
BOS24100001356,
BOS24100001357,
BOS24100001358,
BOS24100001359,
BOS24100001360,
BOS24100001361,
BOS24100001362,
BOS24100001363,
BOS24100001364,
BOS24100001365,
BOS24100001366,
BOS24100001367,
BOS24100001368,
BOS24100001369,
BOS24100001370,
BOS24100001371,
BOS24100001372,
BOS24100001373,
BOS24100001374,
BOS24100001375,
BOS24100001376,
BOS24100001377,
BOS24100001378,
BOS24100001379,
BOS24100001380,
BOS24100001381,
BOS24100001382,
BOS24100001383,
BOS24100001384,
BOS24100001385,
BOS24100001386,
BOS24100001387,
BOS24100001388,
BOS24100001389,
BOS24100001390,
BOS24100001391,
BOS24100001392,
BOS24100001393,
BOS24100001394,
BOS24100001395,
BOS24100001396,
BOS24100001397,
BOS24100001398,
BOS24100001399,
BOS24100001400,
BOS24100001401,
BOS24100001402,
BOS24100001403,
BOS24100001404,
BOS24100001405,
BOS24100001406,
BOS24100001407,
BOS24100001408,
BOS24100001409,
BOS24100001410,
BOS24100001411,
BOS24100001412,
BOS24100001413,
BOS24100001414,
BOS24100001415,
BOS24100001416,
BOS24100001417,
BOS24100001418,
BOS24100001419,
BOS24100001420,
BOS24100001421,
BOS24100001422,
BOS24100001423,
BOS24100001424,
BOS24100001425,
BOS24100001426,
BOS24100001427,
BOS24100001428,
BOS24100001429,
BOS24100001430,
BOS24100001431,
BOS24100001432,
BOS24100001433,
BOS24100001434,
BOS24100001435,
BOS24100001436,
BOS24100001437,
BOS24100001438,
BOS24100001439,
BOS24100001440,
BOS24100001441,
BOS24100001442,
BOS24100001443,
BOS24100001444,
BOS24100001445,
BOS24100001446,
BOS24100001447,
BOS24100001448,
BOS24100001449,
BOS24100001450,
BOS24100001451,
BOS24100001452,
BOS24100001453,
BOS24100001454,
BOS24100001455,
BOS24100001456,
BOS24100001457,
BOS24100001458,
BOS24100001459,
BOS24100001460,
BOS24100001461,
BOS24100001462,
BOS24100001463,
BOS24100001464,
BOS24100001465,
BOS24100001466,
BOS24100001467,
BOS24100001468,
BOS24100001469,
BOS24100001470,
BOS24100001471,
BOS24100001472,
BOS24100001473,
BOS24100001474,
BOS24100001475,
BOS24100001476,
BOS24100001477,
BOS24100001478,
BOS24100001479,
BOS24100001480,
BOS24100001481,
BOS24100001482,
BOS24100001483,
BOS24100001484,
BOS24100001485,
BOS24100001486,
BOS24100001487,
BOS24100001488,
BOS24100001489,
BOS24100001490,
BOS24100001491,
BOS24100001492,
BOS24100001493,
BOS24100001494,
BOS24100001495,
BOS24100001496,
BOS24100001497,
BOS24100001498,
BOS24100001499