BOSMID00000000,
BOSMID00000001,
BOSMID00000002,
BOSMID00000003,
BOSMID00000004,
BOSMID00000005,
BOSMID00000006,
BOSMID00000007,
BOSMID00000008,
BOSMID00000009,
BOSMID00000010,
BOSMID00000011,
BOSMID00000012,
BOSMID00000013,
BOSMID00000014,
BOSMID00000015,
BOSMID00000016,
BOSMID00000017,
BOSMID00000018,
BOSMID00000019,
BOSMID00000020,
BOSMID00000021,
BOSMID00000022,
BOSMID00000023,
BOSMID00000024,
BOSMID00000025,
BOSMID00000026,
BOSMID00000027,
BOSMID00000028,
BOSMID00000029,
BOSMID00000030,
BOSMID00000031,
BOSMID00000032,
BOSMID00000033,
BOSMID00000034,
BOSMID00000035,
BOSMID00000036,
BOSMID00000037,
BOSMID00000038,
BOSMID00000039,
BOSMID00000040,
BOSMID00000041,
BOSMID00000042,
BOSMID00000043,
BOSMID00000044,
BOSMID00000045,
BOSMID00000046,
BOSMID00000047,
BOSMID00000048,
BOSMID00000049,
BOSMID00000050,
BOSMID00000051,
BOSMID00000052,
BOSMID00000053,
BOSMID00000054,
BOSMID00000055,
BOSMID00000056,
BOSMID00000057,
BOSMID00000058,
BOSMID00000059,
BOSMID00000060,
BOSMID00000061,
BOSMID00000062,
BOSMID00000063,
BOSMID00000064,
BOSMID00000065,
BOSMID00000066,
BOSMID00000067,
BOSMID00000068,
BOSMID00000069,
BOSMID00000070,
BOSMID00000071,
BOSMID00000072,
BOSMID00000073,
BOSMID00000074,
BOSMID00000075,
BOSMID00000076,
BOSMID00000077,
BOSMID00000078,
BOSMID00000079,
BOSMID00000080,
BOSMID00000081,
BOSMID00000082,
BOSMID00000083,
BOSMID00000084,
BOSMID00000085,
BOSMID00000086,
BOSMID00000087,
BOSMID00000088,
BOSMID00000089,
BOSMID00000090,
BOSMID00000091,
BOSMID00000092,
BOSMID00000093,
BOSMID00000094,
BOSMID00000095,
BOSMID00000096,
BOSMID00000097,
BOSMID00000098,
BOSMID00000099,
BOSMID00000100,
BOSMID00000101,
BOSMID00000102,
BOSMID00000103,
BOSMID00000104,
BOSMID00000105,
BOSMID00000106,
BOSMID00000107,
BOSMID00000108,
BOSMID00000109,
BOSMID00000110,
BOSMID00000111,
BOSMID00000112,
BOSMID00000113,
BOSMID00000114,
BOSMID00000115,
BOSMID00000116,
BOSMID00000117,
BOSMID00000118,
BOSMID00000119,
BOSMID00000120,
BOSMID00000121,
BOSMID00000122,
BOSMID00000123,
BOSMID00000124,
BOSMID00000125,
BOSMID00000126,
BOSMID00000127,
BOSMID00000128,
BOSMID00000129,
BOSMID00000130,
BOSMID00000131,
BOSMID00000132,
BOSMID00000133,
BOSMID00000134,
BOSMID00000135,
BOSMID00000136,
BOSMID00000137,
BOSMID00000138,
BOSMID00000139,
BOSMID00000140,
BOSMID00000141,
BOSMID00000142,
BOSMID00000143,
BOSMID00000144,
BOSMID00000145,
BOSMID00000146,
BOSMID00000147,
BOSMID00000148,
BOSMID00000149,
BOSMID00000150,
BOSMID00000151,
BOSMID00000152,
BOSMID00000153,
BOSMID00000154,
BOSMID00000155,
BOSMID00000156,
BOSMID00000157,
BOSMID00000158,
BOSMID00000159,
BOSMID00000160,
BOSMID00000161,
BOSMID00000162,
BOSMID00000163,
BOSMID00000164,
BOSMID00000165,
BOSMID00000166,
BOSMID00000167,
BOSMID00000168,
BOSMID00000169,
BOSMID00000170,
BOSMID00000171,
BOSMID00000172,
BOSMID00000173,
BOSMID00000174,
BOSMID00000175,
BOSMID00000176,
BOSMID00000177,
BOSMID00000178,
BOSMID00000179,
BOSMID00000180,
BOSMID00000181,
BOSMID00000182,
BOSMID00000183,
BOSMID00000184,
BOSMID00000185,
BOSMID00000186,
BOSMID00000187,
BOSMID00000188,
BOSMID00000189,
BOSMID00000190,
BOSMID00000191,
BOSMID00000192,
BOSMID00000193,
BOSMID00000194,
BOSMID00000195,
BOSMID00000196,
BOSMID00000197,
BOSMID00000198,
BOSMID00000199,
BOSMID00000200,
BOSMID00000201,
BOSMID00000202,
BOSMID00000203,
BOSMID00000204,
BOSMID00000205,
BOSMID00000206,
BOSMID00000207,
BOSMID00000208,
BOSMID00000209,
BOSMID00000210,
BOSMID00000211,
BOSMID00000212,
BOSMID00000213,
BOSMID00000214,
BOSMID00000215,
BOSMID00000216,
BOSMID00000217,
BOSMID00000218,
BOSMID00000219,
BOSMID00000220,
BOSMID00000221,
BOSMID00000222,
BOSMID00000223,
BOSMID00000224,
BOSMID00000225,
BOSMID00000226,
BOSMID00000227,
BOSMID00000228,
BOSMID00000229,
BOSMID00000230,
BOSMID00000231,
BOSMID00000232,
BOSMID00000233,
BOSMID00000234,
BOSMID00000235,
BOSMID00000236,
BOSMID00000237,
BOSMID00000238,
BOSMID00000239,
BOSMID00000240,
BOSMID00000241,
BOSMID00000242,
BOSMID00000243,
BOSMID00000244,
BOSMID00000245,
BOSMID00000246,
BOSMID00000247,
BOSMID00000248,
BOSMID00000249,
BOSMID00000250,
BOSMID00000251,
BOSMID00000252,
BOSMID00000253,
BOSMID00000254,
BOSMID00000255,
BOSMID00000256,
BOSMID00000257,
BOSMID00000258,
BOSMID00000259,
BOSMID00000260,
BOSMID00000261,
BOSMID00000262,
BOSMID00000263,
BOSMID00000264,
BOSMID00000265,
BOSMID00000266,
BOSMID00000267,
BOSMID00000268,
BOSMID00000269,
BOSMID00000270,
BOSMID00000271,
BOSMID00000272,
BOSMID00000273,
BOSMID00000274,
BOSMID00000275,
BOSMID00000276,
BOSMID00000277,
BOSMID00000278,
BOSMID00000279,
BOSMID00000280,
BOSMID00000281,
BOSMID00000282,
BOSMID00000283,
BOSMID00000284,
BOSMID00000285,
BOSMID00000286,
BOSMID00000287,
BOSMID00000288,
BOSMID00000289,
BOSMID00000290,
BOSMID00000291,
BOSMID00000292,
BOSMID00000293,
BOSMID00000294,
BOSMID00000295,
BOSMID00000296,
BOSMID00000297,
BOSMID00000298,
BOSMID00000299,
BOSMID00000300,
BOSMID00000301,
BOSMID00000302,
BOSMID00000303,
BOSMID00000304,
BOSMID00000305,
BOSMID00000306,
BOSMID00000307,
BOSMID00000308,
BOSMID00000309,
BOSMID00000310,
BOSMID00000311,
BOSMID00000312,
BOSMID00000313,
BOSMID00000314,
BOSMID00000315,
BOSMID00000316,
BOSMID00000317,
BOSMID00000318,
BOSMID00000319,
BOSMID00000320,
BOSMID00000321,
BOSMID00000322,
BOSMID00000323,
BOSMID00000324,
BOSMID00000325,
BOSMID00000326,
BOSMID00000327,
BOSMID00000328,
BOSMID00000329,
BOSMID00000330,
BOSMID00000331,
BOSMID00000332,
BOSMID00000333,
BOSMID00000334,
BOSMID00000335,
BOSMID00000336,
BOSMID00000337,
BOSMID00000338,
BOSMID00000339,
BOSMID00000340,
BOSMID00000341,
BOSMID00000342,
BOSMID00000343,
BOSMID00000344,
BOSMID00000345,
BOSMID00000346,
BOSMID00000347,
BOSMID00000348,
BOSMID00000349,
BOSMID00000350,
BOSMID00000351,
BOSMID00000352,
BOSMID00000353,
BOSMID00000354,
BOSMID00000355,
BOSMID00000356,
BOSMID00000357,
BOSMID00000358,
BOSMID00000359,
BOSMID00000360,
BOSMID00000361,
BOSMID00000362,
BOSMID00000363,
BOSMID00000364,
BOSMID00000365,
BOSMID00000366,
BOSMID00000367,
BOSMID00000368,
BOSMID00000369,
BOSMID00000370,
BOSMID00000371,
BOSMID00000372,
BOSMID00000373,
BOSMID00000374,
BOSMID00000375,
BOSMID00000376,
BOSMID00000377,
BOSMID00000378,
BOSMID00000379,
BOSMID00000380,
BOSMID00000381,
BOSMID00000382,
BOSMID00000383,
BOSMID00000384,
BOSMID00000385,
BOSMID00000386,
BOSMID00000387,
BOSMID00000388,
BOSMID00000389,
BOSMID00000390,
BOSMID00000391,
BOSMID00000392,
BOSMID00000393,
BOSMID00000394,
BOSMID00000395,
BOSMID00000396,
BOSMID00000397,
BOSMID00000398,
BOSMID00000399,
BOSMID00000400,
BOSMID00000401,
BOSMID00000402,
BOSMID00000403,
BOSMID00000404,
BOSMID00000405,
BOSMID00000406,
BOSMID00000407,
BOSMID00000408,
BOSMID00000409,
BOSMID00000410,
BOSMID00000411,
BOSMID00000412,
BOSMID00000413,
BOSMID00000414,
BOSMID00000415,
BOSMID00000416,
BOSMID00000417,
BOSMID00000418,
BOSMID00000419,
BOSMID00000420,
BOSMID00000421,
BOSMID00000422,
BOSMID00000423,
BOSMID00000424,
BOSMID00000425,
BOSMID00000426,
BOSMID00000427,
BOSMID00000428,
BOSMID00000429,
BOSMID00000430,
BOSMID00000431,
BOSMID00000432,
BOSMID00000433,
BOSMID00000434,
BOSMID00000435,
BOSMID00000436,
BOSMID00000437,
BOSMID00000438,
BOSMID00000439,
BOSMID00000440,
BOSMID00000441,
BOSMID00000442,
BOSMID00000443,
BOSMID00000444,
BOSMID00000445,
BOSMID00000446,
BOSMID00000447,
BOSMID00000448,
BOSMID00000449,
BOSMID00000450,
BOSMID00000451,
BOSMID00000452,
BOSMID00000453,
BOSMID00000454,
BOSMID00000455,
BOSMID00000456,
BOSMID00000457,
BOSMID00000458,
BOSMID00000459,
BOSMID00000460,
BOSMID00000461,
BOSMID00000462,
BOSMID00000463,
BOSMID00000464,
BOSMID00000465,
BOSMID00000466,
BOSMID00000467,
BOSMID00000468,
BOSMID00000469,
BOSMID00000470,
BOSMID00000471,
BOSMID00000472,
BOSMID00000473,
BOSMID00000474,
BOSMID00000475,
BOSMID00000476,
BOSMID00000477,
BOSMID00000478,
BOSMID00000479,
BOSMID00000480,
BOSMID00000481,
BOSMID00000482,
BOSMID00000483,
BOSMID00000484,
BOSMID00000485,
BOSMID00000486,
BOSMID00000487,
BOSMID00000488,
BOSMID00000489,
BOSMID00000490,
BOSMID00000491,
BOSMID00000492,
BOSMID00000493,
BOSMID00000494,
BOSMID00000495,
BOSMID00000496,
BOSMID00000497,
BOSMID00000498,
BOSMID00000499,
BOSMID00000500,
BOSMID00000501,
BOSMID00000502,
BOSMID00000503,
BOSMID00000504,
BOSMID00000505,
BOSMID00000506,
BOSMID00000507,
BOSMID00000508,
BOSMID00000509,
BOSMID00000510,
BOSMID00000511,
BOSMID00000512,
BOSMID00000513,
BOSMID00000514,
BOSMID00000515,
BOSMID00000516,
BOSMID00000517,
BOSMID00000518,
BOSMID00000519,
BOSMID00000520,
BOSMID00000521,
BOSMID00000522,
BOSMID00000523,
BOSMID00000524,
BOSMID00000525,
BOSMID00000526,
BOSMID00000527,
BOSMID00000528,
BOSMID00000529,
BOSMID00000530,
BOSMID00000531,
BOSMID00000532,
BOSMID00000533,
BOSMID00000534,
BOSMID00000535,
BOSMID00000536,
BOSMID00000537,
BOSMID00000538,
BOSMID00000539,
BOSMID00000540,
BOSMID00000541,
BOSMID00000542,
BOSMID00000543,
BOSMID00000544,
BOSMID00000545,
BOSMID00000546,
BOSMID00000547,
BOSMID00000548,
BOSMID00000549,
BOSMID00000550,
BOSMID00000551,
BOSMID00000552,
BOSMID00000553,
BOSMID00000554,
BOSMID00000555,
BOSMID00000556,
BOSMID00000557,
BOSMID00000558,
BOSMID00000559,
BOSMID00000560,
BOSMID00000561,
BOSMID00000562,
BOSMID00000563,
BOSMID00000564,
BOSMID00000565,
BOSMID00000566,
BOSMID00000567,
BOSMID00000568,
BOSMID00000569,
BOSMID00000570,
BOSMID00000571,
BOSMID00000572,
BOSMID00000573,
BOSMID00000574,
BOSMID00000575,
BOSMID00000576,
BOSMID00000577,
BOSMID00000578,
BOSMID00000579,
BOSMID00000580,
BOSMID00000581,
BOSMID00000582,
BOSMID00000583,
BOSMID00000584,
BOSMID00000585,
BOSMID00000586,
BOSMID00000587,
BOSMID00000588,
BOSMID00000589,
BOSMID00000590,
BOSMID00000591,
BOSMID00000592,
BOSMID00000593,
BOSMID00000594,
BOSMID00000595,
BOSMID00000596,
BOSMID00000597,
BOSMID00000598,
BOSMID00000599,
BOSMID00000600,
BOSMID00000601,
BOSMID00000602,
BOSMID00000603,
BOSMID00000604,
BOSMID00000605,
BOSMID00000606,
BOSMID00000607,
BOSMID00000608,
BOSMID00000609,
BOSMID00000610,
BOSMID00000611,
BOSMID00000612,
BOSMID00000613,
BOSMID00000614,
BOSMID00000615,
BOSMID00000616,
BOSMID00000617,
BOSMID00000618,
BOSMID00000619,
BOSMID00000620,
BOSMID00000621,
BOSMID00000622,
BOSMID00000623,
BOSMID00000624,
BOSMID00000625,
BOSMID00000626,
BOSMID00000627,
BOSMID00000628,
BOSMID00000629,
BOSMID00000630,
BOSMID00000631,
BOSMID00000632,
BOSMID00000633,
BOSMID00000634,
BOSMID00000635,
BOSMID00000636,
BOSMID00000637,
BOSMID00000638,
BOSMID00000639,
BOSMID00000640,
BOSMID00000641,
BOSMID00000642,
BOSMID00000643,
BOSMID00000644,
BOSMID00000645,
BOSMID00000646,
BOSMID00000647,
BOSMID00000648,
BOSMID00000649,
BOSMID00000650,
BOSMID00000651,
BOSMID00000652,
BOSMID00000653,
BOSMID00000654,
BOSMID00000655,
BOSMID00000656,
BOSMID00000657,
BOSMID00000658,
BOSMID00000659,
BOSMID00000660,
BOSMID00000661,
BOSMID00000662,
BOSMID00000663,
BOSMID00000664,
BOSMID00000665,
BOSMID00000666,
BOSMID00000667,
BOSMID00000668,
BOSMID00000669,
BOSMID00000670,
BOSMID00000671,
BOSMID00000672,
BOSMID00000673,
BOSMID00000674,
BOSMID00000675,
BOSMID00000676,
BOSMID00000677,
BOSMID00000678,
BOSMID00000679,
BOSMID00000680,
BOSMID00000681,
BOSMID00000682,
BOSMID00000683,
BOSMID00000684,
BOSMID00000685,
BOSMID00000686,
BOSMID00000687,
BOSMID00000688,
BOSMID00000689,
BOSMID00000690,
BOSMID00000691,
BOSMID00000692,
BOSMID00000693,
BOSMID00000694,
BOSMID00000695,
BOSMID00000696,
BOSMID00000697,
BOSMID00000698,
BOSMID00000699,
BOSMID00000700,
BOSMID00000701,
BOSMID00000702,
BOSMID00000703,
BOSMID00000704,
BOSMID00000705,
BOSMID00000706,
BOSMID00000707,
BOSMID00000708,
BOSMID00000709,
BOSMID00000710,
BOSMID00000711,
BOSMID00000712,
BOSMID00000713,
BOSMID00000714,
BOSMID00000715,
BOSMID00000716,
BOSMID00000717,
BOSMID00000718,
BOSMID00000719,
BOSMID00000720,
BOSMID00000721,
BOSMID00000722,
BOSMID00000723,
BOSMID00000724,
BOSMID00000725,
BOSMID00000726,
BOSMID00000727,
BOSMID00000728,
BOSMID00000729,
BOSMID00000730,
BOSMID00000731,
BOSMID00000732,
BOSMID00000733,
BOSMID00000734,
BOSMID00000735,
BOSMID00000736,
BOSMID00000737,
BOSMID00000738,
BOSMID00000739,
BOSMID00000740,
BOSMID00000741,
BOSMID00000742,
BOSMID00000743,
BOSMID00000744,
BOSMID00000745,
BOSMID00000746,
BOSMID00000747,
BOSMID00000748,
BOSMID00000749,
BOSMID00000750,
BOSMID00000751,
BOSMID00000752,
BOSMID00000753,
BOSMID00000754,
BOSMID00000755,
BOSMID00000756,
BOSMID00000757,
BOSMID00000758,
BOSMID00000759,
BOSMID00000760,
BOSMID00000761,
BOSMID00000762,
BOSMID00000763,
BOSMID00000764,
BOSMID00000765,
BOSMID00000766,
BOSMID00000767,
BOSMID00000768,
BOSMID00000769,
BOSMID00000770,
BOSMID00000771,
BOSMID00000772,
BOSMID00000773,
BOSMID00000774,
BOSMID00000775,
BOSMID00000776,
BOSMID00000777,
BOSMID00000778,
BOSMID00000779,
BOSMID00000780,
BOSMID00000781,
BOSMID00000782,
BOSMID00000783,
BOSMID00000784,
BOSMID00000785,
BOSMID00000786,
BOSMID00000787,
BOSMID00000788,
BOSMID00000789,
BOSMID00000790,
BOSMID00000791,
BOSMID00000792,
BOSMID00000793,
BOSMID00000794,
BOSMID00000795,
BOSMID00000796,
BOSMID00000797,
BOSMID00000798,
BOSMID00000799,