BOSANY00000000,
BOSANY00000001,
BOSANY00000002,
BOSANY00000003,
BOSANY00000004,
BOSANY00000005,
BOSANY00000006,
BOSANY00000007,
BOSANY00000008,
BOSANY00000009,
BOSANY00000010,
BOSANY00000011,
BOSANY00000012,
BOSANY00000013,
BOSANY00000014,
BOSANY00000015,
BOSANY00000016,
BOSANY00000017,
BOSANY00000018,
BOSANY00000019,
BOSANY00000020,
BOSANY00000021,
BOSANY00000022,
BOSANY00000023,
BOSANY00000024,
BOSANY00000025,
BOSANY00000026,
BOSANY00000027,
BOSANY00000028,
BOSANY00000029,
BOSANY00000030,
BOSANY00000031,
BOSANY00000032,
BOSANY00000033,
BOSANY00000034,
BOSANY00000035,
BOSANY00000036,
BOSANY00000037,
BOSANY00000038,
BOSANY00000039,
BOSANY00000040,
BOSANY00000041,
BOSANY00000042,
BOSANY00000043,
BOSANY00000044,
BOSANY00000045,
BOSANY00000046,
BOSANY00000047,
BOSANY00000048,
BOSANY00000049,
BOSANY00000050,
BOSANY00000051,
BOSANY00000052,
BOSANY00000053,
BOSANY00000054,
BOSANY00000055,
BOSANY00000056,
BOSANY00000057,
BOSANY00000058,
BOSANY00000059,
BOSANY00000060,
BOSANY00000061,
BOSANY00000062,
BOSANY00000063,
BOSANY00000064,
BOSANY00000065,
BOSANY00000066,
BOSANY00000067,
BOSANY00000068,
BOSANY00000069,
BOSANY00000070,
BOSANY00000071,
BOSANY00000072,
BOSANY00000073,
BOSANY00000074,
BOSANY00000075,
BOSANY00000076,
BOSANY00000077,
BOSANY00000078,
BOSANY00000079,
BOSANY00000080,
BOSANY00000081,
BOSANY00000082,
BOSANY00000083,
BOSANY00000084,
BOSANY00000085,
BOSANY00000086,
BOSANY00000087,
BOSANY00000088,
BOSANY00000089,
BOSANY00000090,
BOSANY00000091,
BOSANY00000092,
BOSANY00000093,
BOSANY00000094,
BOSANY00000095,
BOSANY00000096,
BOSANY00000097,
BOSANY00000098,
BOSANY00000099,
BOSANY00000100,
BOSANY00000101,
BOSANY00000102,
BOSANY00000103,
BOSANY00000104,
BOSANY00000105,
BOSANY00000106,
BOSANY00000107,
BOSANY00000108,
BOSANY00000109,
BOSANY00000110,
BOSANY00000111,
BOSANY00000112,
BOSANY00000113,
BOSANY00000114,
BOSANY00000115,
BOSANY00000116,
BOSANY00000117,
BOSANY00000118,
BOSANY00000119,
BOSANY00000120,
BOSANY00000121,
BOSANY00000122,
BOSANY00000123,
BOSANY00000124,
BOSANY00000125,
BOSANY00000126,
BOSANY00000127,
BOSANY00000128,
BOSANY00000129,
BOSANY00000130,
BOSANY00000131,
BOSANY00000132,
BOSANY00000133,
BOSANY00000134,
BOSANY00000135,
BOSANY00000136,
BOSANY00000137,
BOSANY00000138,
BOSANY00000139,
BOSANY00000140,
BOSANY00000141,
BOSANY00000142,
BOSANY00000143,
BOSANY00000144,
BOSANY00000145,
BOSANY00000146,
BOSANY00000147,
BOSANY00000148,
BOSANY00000149,
BOSANY00000150,
BOSANY00000151,
BOSANY00000152,
BOSANY00000153,
BOSANY00000154,
BOSANY00000155,
BOSANY00000156,
BOSANY00000157,
BOSANY00000158,
BOSANY00000159,
BOSANY00000160,
BOSANY00000161,
BOSANY00000162,
BOSANY00000163,
BOSANY00000164,
BOSANY00000165,
BOSANY00000166,
BOSANY00000167,
BOSANY00000168,
BOSANY00000169,
BOSANY00000170,
BOSANY00000171,
BOSANY00000172,
BOSANY00000173,
BOSANY00000174,
BOSANY00000175,
BOSANY00000176,
BOSANY00000177,
BOSANY00000178,
BOSANY00000179,
BOSANY00000180,
BOSANY00000181,
BOSANY00000182,
BOSANY00000183,
BOSANY00000184,
BOSANY00000185,
BOSANY00000186,
BOSANY00000187,
BOSANY00000188,
BOSANY00000189,
BOSANY00000190,
BOSANY00000191,
BOSANY00000192,
BOSANY00000193,
BOSANY00000194,
BOSANY00000195,
BOSANY00000196,
BOSANY00000197,
BOSANY00000198,
BOSANY00000199