*BOS2HR00000000*,
*BOS2HR00000001*,
*BOS2HR00000002*,
*BOS2HR00000003*,
*BOS2HR00000004*,
*BOS2HR00000005*,
*BOS2HR00000006*,
*BOS2HR00000007*,
*BOS2HR00000008*,
*BOS2HR00000009*,
*BOS2HR00000010*,
*BOS2HR00000011*,
*BOS2HR00000012*,
*BOS2HR00000013*,
*BOS2HR00000014*,
*BOS2HR00000015*,
*BOS2HR00000016*,
*BOS2HR00000017*,
*BOS2HR00000018*,
*BOS2HR00000019*,
*BOS2HR00000020*,
*BOS2HR00000021*,
*BOS2HR00000022*,
*BOS2HR00000023*,
*BOS2HR00000024*,
*BOS2HR00000025*,
*BOS2HR00000026*,
*BOS2HR00000027*,
*BOS2HR00000028*,
*BOS2HR00000029*,
*BOS2HR00000030*,
*BOS2HR00000031*,
*BOS2HR00000032*,
*BOS2HR00000033*,
*BOS2HR00000034*,
*BOS2HR00000035*,
*BOS2HR00000036*,
*BOS2HR00000037*,
*BOS2HR00000038*,
*BOS2HR00000039*,
*BOS2HR00000040*,
*BOS2HR00000041*,
*BOS2HR00000042*,
*BOS2HR00000043*,
*BOS2HR00000044*,
*BOS2HR00000045*,
*BOS2HR00000046*,
*BOS2HR00000047*,
*BOS2HR00000048*,
*BOS2HR00000049*,
*BOS2HR00000050*,
*BOS2HR00000051*,
*BOS2HR00000052*,
*BOS2HR00000053*,
*BOS2HR00000054*,
*BOS2HR00000055*,
*BOS2HR00000056*,
*BOS2HR00000057*,
*BOS2HR00000058*,
*BOS2HR00000059*,
*BOS2HR00000060*,
*BOS2HR00000061*,
*BOS2HR00000062*,
*BOS2HR00000063*,
*BOS2HR00000064*,
*BOS2HR00000065*,
*BOS2HR00000066*,
*BOS2HR00000067*,
*BOS2HR00000068*,
*BOS2HR00000069*,
*BOS2HR00000070*,
*BOS2HR00000071*,
*BOS2HR00000072*,
*BOS2HR00000073*,
*BOS2HR00000074*,
*BOS2HR00000075*,
*BOS2HR00000076*,
*BOS2HR00000077*,
*BOS2HR00000078*,
*BOS2HR00000079*,
*BOS2HR00000080*,
*BOS2HR00000081*,
*BOS2HR00000082*,
*BOS2HR00000083*,
*BOS2HR00000084*,
*BOS2HR00000085*,
*BOS2HR00000086*,
*BOS2HR00000087*,
*BOS2HR00000088*,
*BOS2HR00000089*,
*BOS2HR00000090*,
*BOS2HR00000091*,
*BOS2HR00000092*,
*BOS2HR00000093*,
*BOS2HR00000094*,
*BOS2HR00000095*,
*BOS2HR00000096*,
*BOS2HR00000097*,
*BOS2HR00000098*,
*BOS2HR00000099*,
*BOS2HR00000100*,
*BOS2HR00000101*,
*BOS2HR00000102*,
*BOS2HR00000103*,
*BOS2HR00000104*,
*BOS2HR00000105*,
*BOS2HR00000106*,
*BOS2HR00000107*,
*BOS2HR00000108*,
*BOS2HR00000109*,
*BOS2HR00000110*,
*BOS2HR00000111*,
*BOS2HR00000112*,
*BOS2HR00000113*,
*BOS2HR00000114*,
*BOS2HR00000115*,
*BOS2HR00000116*,
*BOS2HR00000117*,
*BOS2HR00000118*,
*BOS2HR00000119*,
*BOS2HR00000120*,
*BOS2HR00000121*,
*BOS2HR00000122*,
*BOS2HR00000123*,
*BOS2HR00000124*,
*BOS2HR00000125*,
*BOS2HR00000126*,
*BOS2HR00000127*,
*BOS2HR00000128*,
*BOS2HR00000129*,
*BOS2HR00000130*,
*BOS2HR00000131*,
*BOS2HR00000132*,
*BOS2HR00000133*,
*BOS2HR00000134*,
*BOS2HR00000135*,
*BOS2HR00000136*,
*BOS2HR00000137*,
*BOS2HR00000138*,
*BOS2HR00000139*,
*BOS2HR00000140*,
*BOS2HR00000141*,
*BOS2HR00000142*,
*BOS2HR00000143*,
*BOS2HR00000144*,
*BOS2HR00000145*,
*BOS2HR00000146*,
*BOS2HR00000147*,
*BOS2HR00000148*,
*BOS2HR00000149*,
*BOS2HR00000150*,
*BOS2HR00000151*,
*BOS2HR00000152*,
*BOS2HR00000153*,
*BOS2HR00000154*,
*BOS2HR00000155*,
*BOS2HR00000156*,
*BOS2HR00000157*,
*BOS2HR00000158*,
*BOS2HR00000159*,
*BOS2HR00000160*,
*BOS2HR00000161*,
*BOS2HR00000162*,
*BOS2HR00000163*,
*BOS2HR00000164*,
*BOS2HR00000165*,
*BOS2HR00000166*,
*BOS2HR00000167*,
*BOS2HR00000168*,
*BOS2HR00000169*,
*BOS2HR00000170*,
*BOS2HR00000171*,
*BOS2HR00000172*,
*BOS2HR00000173*,
*BOS2HR00000174*,
*BOS2HR00000175*,
*BOS2HR00000176*,
*BOS2HR00000177*,
*BOS2HR00000178*,
*BOS2HR00000179*,
*BOS2HR00000180*,
*BOS2HR00000181*,
*BOS2HR00000182*,
*BOS2HR00000183*,
*BOS2HR00000184*,
*BOS2HR00000185*,
*BOS2HR00000186*,
*BOS2HR00000187*,
*BOS2HR00000188*,
*BOS2HR00000189*,
*BOS2HR00000190*,
*BOS2HR00000191*,
*BOS2HR00000192*,
*BOS2HR00000193*,
*BOS2HR00000194*,
*BOS2HR00000195*,
*BOS2HR00000196*,
*BOS2HR00000197*,
*BOS2HR00000198*,
*BOS2HR00000199*,
*BOS2HR00000200*,
*BOS2HR00000201*,
*BOS2HR00000202*,
*BOS2HR00000203*,
*BOS2HR00000204*,
*BOS2HR00000205*,
*BOS2HR00000206*,
*BOS2HR00000207*,
*BOS2HR00000208*,
*BOS2HR00000209*,
*BOS2HR00000210*,
*BOS2HR00000211*,
*BOS2HR00000212*,
*BOS2HR00000213*,
*BOS2HR00000214*,
*BOS2HR00000215*,
*BOS2HR00000216*,
*BOS2HR00000217*,
*BOS2HR00000218*,
*BOS2HR00000219*,
*BOS2HR00000220*,
*BOS2HR00000221*,
*BOS2HR00000222*,
*BOS2HR00000223*,
*BOS2HR00000224*,
*BOS2HR00000225*,
*BOS2HR00000226*,
*BOS2HR00000227*,
*BOS2HR00000228*,
*BOS2HR00000229*,
*BOS2HR00000230*,
*BOS2HR00000231*,
*BOS2HR00000232*,
*BOS2HR00000233*,
*BOS2HR00000234*,
*BOS2HR00000235*,
*BOS2HR00000236*,
*BOS2HR00000237*,
*BOS2HR00000238*,
*BOS2HR00000239*,
*BOS2HR00000240*,
*BOS2HR00000241*,
*BOS2HR00000242*,
*BOS2HR00000243*,
*BOS2HR00000244*,
*BOS2HR00000245*,
*BOS2HR00000246*,
*BOS2HR00000247*,
*BOS2HR00000248*,
*BOS2HR00000249*,
*BOS2HR00000250*,
*BOS2HR00000251*,
*BOS2HR00000252*,
*BOS2HR00000253*,
*BOS2HR00000254*,
*BOS2HR00000255*,
*BOS2HR00000256*,
*BOS2HR00000257*,
*BOS2HR00000258*,
*BOS2HR00000259*,
*BOS2HR00000260*,
*BOS2HR00000261*,
*BOS2HR00000262*,
*BOS2HR00000263*,
*BOS2HR00000264*,
*BOS2HR00000265*,
*BOS2HR00000266*,
*BOS2HR00000267*,
*BOS2HR00000268*,
*BOS2HR00000269*,
*BOS2HR00000270*,
*BOS2HR00000271*,
*BOS2HR00000272*,
*BOS2HR00000273*,
*BOS2HR00000274*,
*BOS2HR00000275*,
*BOS2HR00000276*,
*BOS2HR00000277*,
*BOS2HR00000278*,
*BOS2HR00000279*,
*BOS2HR00000280*,
*BOS2HR00000281*,
*BOS2HR00000282*,
*BOS2HR00000283*,
*BOS2HR00000284*,
*BOS2HR00000285*,
*BOS2HR00000286*,
*BOS2HR00000287*,
*BOS2HR00000288*,
*BOS2HR00000289*,
*BOS2HR00000290*,
*BOS2HR00000291*,
*BOS2HR00000292*,
*BOS2HR00000293*,
*BOS2HR00000294*,
*BOS2HR00000295*,
*BOS2HR00000296*,
*BOS2HR00000297*,
*BOS2HR00000298*,
*BOS2HR00000299*,
*BOS2HR00000300*,
*BOS2HR00000301*,
*BOS2HR00000302*,
*BOS2HR00000303*,
*BOS2HR00000304*,
*BOS2HR00000305*,
*BOS2HR00000306*,
*BOS2HR00000307*,
*BOS2HR00000308*,
*BOS2HR00000309*,
*BOS2HR00000310*,
*BOS2HR00000311*,
*BOS2HR00000312*,
*BOS2HR00000313*,
*BOS2HR00000314*,
*BOS2HR00000315*,
*BOS2HR00000316*,
*BOS2HR00000317*,
*BOS2HR00000318*,
*BOS2HR00000319*,
*BOS2HR00000320*,
*BOS2HR00000321*,
*BOS2HR00000322*,
*BOS2HR00000323*,
*BOS2HR00000324*,
*BOS2HR00000325*,
*BOS2HR00000326*,
*BOS2HR00000327*,
*BOS2HR00000328*,
*BOS2HR00000329*,
*BOS2HR00000330*,
*BOS2HR00000331*,
*BOS2HR00000332*,
*BOS2HR00000333*,
*BOS2HR00000334*,
*BOS2HR00000335*,
*BOS2HR00000336*,
*BOS2HR00000337*,
*BOS2HR00000338*,
*BOS2HR00000339*,
*BOS2HR00000340*,
*BOS2HR00000341*,
*BOS2HR00000342*,
*BOS2HR00000343*,
*BOS2HR00000344*,
*BOS2HR00000345*,
*BOS2HR00000346*,
*BOS2HR00000347*,
*BOS2HR00000348*,
*BOS2HR00000349*,
*BOS2HR00000350*,
*BOS2HR00000351*,
*BOS2HR00000352*,
*BOS2HR00000353*,
*BOS2HR00000354*,
*BOS2HR00000355*,
*BOS2HR00000356*,
*BOS2HR00000357*,
*BOS2HR00000358*,
*BOS2HR00000359*,
*BOS2HR00000360*,
*BOS2HR00000361*,
*BOS2HR00000362*,
*BOS2HR00000363*,
*BOS2HR00000364*,
*BOS2HR00000365*,
*BOS2HR00000366*,
*BOS2HR00000367*,
*BOS2HR00000368*,
*BOS2HR00000369*,
*BOS2HR00000370*,
*BOS2HR00000371*,
*BOS2HR00000372*,
*BOS2HR00000373*,
*BOS2HR00000374*,
*BOS2HR00000375*,
*BOS2HR00000376*,
*BOS2HR00000377*,
*BOS2HR00000378*,
*BOS2HR00000379*,
*BOS2HR00000380*,
*BOS2HR00000381*,
*BOS2HR00000382*,
*BOS2HR00000383*,
*BOS2HR00000384*,
*BOS2HR00000385*,
*BOS2HR00000386*,
*BOS2HR00000387*,
*BOS2HR00000388*,
*BOS2HR00000389*,
*BOS2HR00000390*,
*BOS2HR00000391*,
*BOS2HR00000392*,
*BOS2HR00000393*,
*BOS2HR00000394*,
*BOS2HR00000395*,
*BOS2HR00000396*,
*BOS2HR00000397*,
*BOS2HR00000398*,
*BOS2HR00000399*,
*BOS2HR00000400*,
*BOS2HR00000401*,
*BOS2HR00000402*,
*BOS2HR00000403*,
*BOS2HR00000404*,
*BOS2HR00000405*,
*BOS2HR00000406*,
*BOS2HR00000407*,
*BOS2HR00000408*,
*BOS2HR00000409*,
*BOS2HR00000410*,
*BOS2HR00000411*,
*BOS2HR00000412*,
*BOS2HR00000413*,
*BOS2HR00000414*,
*BOS2HR00000415*,
*BOS2HR00000416*,
*BOS2HR00000417*,
*BOS2HR00000418*,
*BOS2HR00000419*,
*BOS2HR00000420*,
*BOS2HR00000421*,
*BOS2HR00000422*,
*BOS2HR00000423*,
*BOS2HR00000424*,
*BOS2HR00000425*,
*BOS2HR00000426*,
*BOS2HR00000427*,
*BOS2HR00000428*,
*BOS2HR00000429*,
*BOS2HR00000430*,
*BOS2HR00000431*,
*BOS2HR00000432*,
*BOS2HR00000433*,
*BOS2HR00000434*,
*BOS2HR00000435*,
*BOS2HR00000436*,
*BOS2HR00000437*,
*BOS2HR00000438*,
*BOS2HR00000439*,
*BOS2HR00000440*,
*BOS2HR00000441*,
*BOS2HR00000442*,
*BOS2HR00000443*,
*BOS2HR00000444*,
*BOS2HR00000445*,
*BOS2HR00000446*,
*BOS2HR00000447*,
*BOS2HR00000448*,
*BOS2HR00000449*,
*BOS2HR00000450*,
*BOS2HR00000451*,
*BOS2HR00000452*,
*BOS2HR00000453*,
*BOS2HR00000454*,
*BOS2HR00000455*,
*BOS2HR00000456*,
*BOS2HR00000457*,
*BOS2HR00000458*,
*BOS2HR00000459*,
*BOS2HR00000460*,
*BOS2HR00000461*,
*BOS2HR00000462*,
*BOS2HR00000463*,
*BOS2HR00000464*,
*BOS2HR00000465*,
*BOS2HR00000466*,
*BOS2HR00000467*,
*BOS2HR00000468*,
*BOS2HR00000469*,
*BOS2HR00000470*,
*BOS2HR00000471*,
*BOS2HR00000472*,
*BOS2HR00000473*,
*BOS2HR00000474*,
*BOS2HR00000475*,
*BOS2HR00000476*,
*BOS2HR00000477*,
*BOS2HR00000478*,
*BOS2HR00000479*,
*BOS2HR00000480*,
*BOS2HR00000481*,
*BOS2HR00000482*,
*BOS2HR00000483*,
*BOS2HR00000484*,
*BOS2HR00000485*,
*BOS2HR00000486*,
*BOS2HR00000487*,
*BOS2HR00000488*,
*BOS2HR00000489*,
*BOS2HR00000490*,
*BOS2HR00000491*,
*BOS2HR00000492*,
*BOS2HR00000493*,
*BOS2HR00000494*,
*BOS2HR00000495*,
*BOS2HR00000496*,
*BOS2HR00000497*,
*BOS2HR00000498*,
*BOS2HR00000499*