R-90000000000,
R-90000000001,
R-90000000002,
R-90000000003,
R-90000000004,
R-90000000005,
R-90000000006,
R-90000000007,
R-90000000008,
R-90000000009,
R-90000000010,
R-90000000011,
R-90000000012,
R-90000000013,
R-90000000014,
R-90000000015,
R-90000000016,
R-90000000017,
R-90000000018,
R-90000000019,
R-90000000020,
R-90000000021,
R-90000000022,
R-90000000023,
R-90000000024,
R-90000000025,
R-90000000026,
R-90000000027,
R-90000000028,
R-90000000029,
R-90000000030,
R-90000000031,
R-90000000032,
R-90000000033,
R-90000000034,
R-90000000035,
R-90000000036,
R-90000000037,
R-90000000038,
R-90000000039,
R-90000000040,
R-90000000041,
R-90000000042,
R-90000000043,
R-90000000044,
R-90000000045,
R-90000000046,
R-90000000047,
R-90000000048,
R-90000000049,
R-90000000050,
R-90000000051,
R-90000000052,
R-90000000053,
R-90000000054,
R-90000000055,
R-90000000056,
R-90000000057,
R-90000000058,
R-90000000059,
R-90000000060,
R-90000000061,
R-90000000062,
R-90000000063,
R-90000000064,
R-90000000065,
R-90000000066,
R-90000000067,
R-90000000068,
R-90000000069,
R-90000000070,
R-90000000071,
R-90000000072,
R-90000000073,
R-90000000074,
R-90000000075,
R-90000000076,
R-90000000077,
R-90000000078,
R-90000000079,
R-90000000080,
R-90000000081,
R-90000000082,
R-90000000083,
R-90000000084,
R-90000000085,
R-90000000086,
R-90000000087,
R-90000000088,
R-90000000089,
R-90000000090,
R-90000000091,
R-90000000092,
R-90000000093,
R-90000000094,
R-90000000095,
R-90000000096,
R-90000000097,
R-90000000098,
R-90000000099,
R-90000000100,
R-90000000101,
R-90000000102,
R-90000000103,
R-90000000104,
R-90000000105,
R-90000000106,
R-90000000107,
R-90000000108,
R-90000000109,
R-90000000110,
R-90000000111,
R-90000000112,
R-90000000113,
R-90000000114,
R-90000000115,
R-90000000116,
R-90000000117,
R-90000000118,
R-90000000119,
R-90000000120,
R-90000000121,
R-90000000122,
R-90000000123,
R-90000000124,
R-90000000125,
R-90000000126,
R-90000000127,
R-90000000128,
R-90000000129,
R-90000000130,
R-90000000131,
R-90000000132,
R-90000000133,
R-90000000134,
R-90000000135,
R-90000000136,
R-90000000137,
R-90000000138,
R-90000000139,
R-90000000140,
R-90000000141,
R-90000000142,
R-90000000143,
R-90000000144,
R-90000000145,
R-90000000146,
R-90000000147,
R-90000000148,
R-90000000149,
R-90000000150,
R-90000000151,
R-90000000152,
R-90000000153,
R-90000000154,
R-90000000155,
R-90000000156,
R-90000000157,
R-90000000158,
R-90000000159,
R-90000000160,
R-90000000161,
R-90000000162,
R-90000000163,
R-90000000164,
R-90000000165,
R-90000000166,
R-90000000167,
R-90000000168,
R-90000000169,
R-90000000170,
R-90000000171,
R-90000000172,
R-90000000173,
R-90000000174,
R-90000000175,
R-90000000176,
R-90000000177,
R-90000000178,
R-90000000179,
R-90000000180,
R-90000000181,
R-90000000182,
R-90000000183,
R-90000000184,
R-90000000185,
R-90000000186,
R-90000000187,
R-90000000188,
R-90000000189,
R-90000000190,
R-90000000191,
R-90000000192,
R-90000000193,
R-90000000194,
R-90000000195,
R-90000000196,
R-90000000197,
R-90000000198,
R-90000000199,
R-90000000200,
R-90000000201,
R-90000000202,
R-90000000203,
R-90000000204,
R-90000000205,
R-90000000206,
R-90000000207,
R-90000000208,
R-90000000209,
R-90000000210,
R-90000000211,
R-90000000212,
R-90000000213,
R-90000000214,
R-90000000215,
R-90000000216,
R-90000000217,
R-90000000218,
R-90000000219,
R-90000000220,
R-90000000221,
R-90000000222,
R-90000000223,
R-90000000224,
R-90000000225,
R-90000000226,
R-90000000227,
R-90000000228,
R-90000000229,
R-90000000230,
R-90000000231,
R-90000000232,
R-90000000233,
R-90000000234,
R-90000000235,
R-90000000236,
R-90000000237,
R-90000000238,
R-90000000239,
R-90000000240,
R-90000000241,
R-90000000242,
R-90000000243,
R-90000000244,
R-90000000245,
R-90000000246,
R-90000000247,
R-90000000248,
R-90000000249,
R-90000000250,
R-90000000251,
R-90000000252,
R-90000000253,
R-90000000254,
R-90000000255,
R-90000000256,
R-90000000257,
R-90000000258,
R-90000000259,
R-90000000260,
R-90000000261,
R-90000000262,
R-90000000263,
R-90000000264,
R-90000000265,
R-90000000266,
R-90000000267,
R-90000000268,
R-90000000269,
R-90000000270,
R-90000000271,
R-90000000272,
R-90000000273,
R-90000000274,
R-90000000275,
R-90000000276,
R-90000000277,
R-90000000278,
R-90000000279,
R-90000000280,
R-90000000281,
R-90000000282,
R-90000000283,
R-90000000284,
R-90000000285,
R-90000000286,
R-90000000287,
R-90000000288,
R-90000000289,
R-90000000290,
R-90000000291,
R-90000000292,
R-90000000293,
R-90000000294,
R-90000000295,
R-90000000296,
R-90000000297,
R-90000000298,
R-90000000299,
R-90000000300,
R-90000000301,
R-90000000302,
R-90000000303,
R-90000000304,
R-90000000305,
R-90000000306,
R-90000000307,
R-90000000308,
R-90000000309,
R-90000000310,
R-90000000311,
R-90000000312,
R-90000000313,
R-90000000314,
R-90000000315,
R-90000000316,
R-90000000317,
R-90000000318,
R-90000000319,
R-90000000320,
R-90000000321,
R-90000000322,
R-90000000323,
R-90000000324,
R-90000000325,
R-90000000326,
R-90000000327,
R-90000000328,
R-90000000329,
R-90000000330,
R-90000000331,
R-90000000332,
R-90000000333,
R-90000000334,
R-90000000335,
R-90000000336,
R-90000000337,
R-90000000338,
R-90000000339,
R-90000000340,
R-90000000341,
R-90000000342,
R-90000000343,
R-90000000344,
R-90000000345,
R-90000000346,
R-90000000347,
R-90000000348,
R-90000000349,
R-90000000350,
R-90000000351,
R-90000000352,
R-90000000353,
R-90000000354,
R-90000000355,
R-90000000356,
R-90000000357,
R-90000000358,
R-90000000359,
R-90000000360,
R-90000000361,
R-90000000362,
R-90000000363,
R-90000000364,
R-90000000365,
R-90000000366,
R-90000000367,
R-90000000368,
R-90000000369,
R-90000000370,
R-90000000371,
R-90000000372,
R-90000000373,
R-90000000374,
R-90000000375,
R-90000000376,
R-90000000377,
R-90000000378,
R-90000000379,
R-90000000380,
R-90000000381,
R-90000000382,
R-90000000383,
R-90000000384,
R-90000000385,
R-90000000386,
R-90000000387,
R-90000000388,
R-90000000389,
R-90000000390,
R-90000000391,
R-90000000392,
R-90000000393,
R-90000000394,
R-90000000395,
R-90000000396,
R-90000000397,
R-90000000398,
R-90000000399,
R-90000000400,
R-90000000401,
R-90000000402,
R-90000000403,
R-90000000404,
